create table user_personal(userID VARCHAR(60),u_email VARCHAR(60),fname VARCHAR(60),lname  VARCHAR(60),city VARCHAR(60),state VARCHAR(60),zip NUMBER(11));

INSERT INTO user_personal VALUES('MA12','Alex@gmail.com','Alex','Jones','Hoyton','Texas',75001);

INSERT INTO user_personal VALUES('PO45','emma.john@gmail.com','Emma','Stone','Albany','New York',10008);

INSERT INTO user_personal VALUES('LA33','victoria@yahoo.com','Victoria','Aorora','Istanbul','Turkey',34000);

INSERT INTO user_personal VALUES('CH99','joe.197@gmail.com','Joe','Johnson','Los angales','california',90201);

INSERT INTO user_personal VALUES('PA74','dlany01@gmail.com','Dany','William','Miami','Florida',32006);





CREATE TABLE USERPERSONAL(
USERID VARCHAR(11)PRIMARY KEY,
U_EMAIL VARCHAR(60)NOT NULL,
FNAME VARCHAR(20)NOT NULL,
LNAME VARCHAR(20)NOT NULL,
CITY VARCHAR(20)NOT NULL,
STATE VARCHAR(20)NOT NULL,
ZIP VARCHAR(11)NOT NULL
);


INSERT INTO USERPERSONAL(USERID,U_EMAIL,FNAME,LNAME,CITY,STATE,ZIP)VALUES('MA12','Alex@ymail.com','Alex','jones','houston','texas','75001');
INSERT INTO USERPERSONAL(USERID,U_EMAIL,FNAME,LNAME,CITY,STATE,ZIP)VALUES('PO45','emma.john@gmail.com','emma','stone','albany','new work','10008');
INSERT INTO USERPERSONAL(USERID,U_EMAIL,FNAME,LNAME,CITY,STATE,ZIP)VALUES('LA33','victoria@yahoo.com','victoria','aurora','istanbul','turkey','34000');
INSERT INTO USERPERSONAL(USERID,U_EMAIL,FNAME,LNAME,CITY,STATE,ZIP)VALUES('CH99','joe.1997@hotmailmail.com','joe','johnson','los angeles','california','90201');
INSERT INTO USERPERSONAL(USERID,U_EMAIL,FNAME,LNAME,CITY,STATE,ZIP)VALUES('DA74','dlany01@live.com','dany','william','miami','florida','32006');


------2NF-------

CREATE TABLE USERINFO(
USERID VARCHAR(11)PRIMARY KEY,
U_EMAIL VARCHAR(60)NOT NULL,
FNAME VARCHAR(60)NOT NULL,
LNAME VARCHAR(60)NOT NULL
);

DESC USERINFO;
DROP TABLE USERINFO;


INSERT INTO USERINFO(USERID,U_EMAIL,FNAME,LNAME)VALUES('MA12','Alex@ymail.com','Alex','jones');
INSERT INTO USERINFO(USERID,U_EMAIL,FNAME,LNAME)VALUES('PO45','emma.john@gmail.com','emma','stone');
INSERT INTO USERINFO(USERID,U_EMAIL,FNAME,LNAME)VALUES('LA33','victoria@yahoo.com','victoria','aurora');
INSERT INTO USERINFO(USERID,U_EMAIL,FNAME,LNAME)VALUES('CH99','joe.1997@hotmailmail.com','joe','johnson');
INSERT INTO USERINFO(USERID,U_EMAIL,FNAME,LNAME)VALUES('DA74','dlany01@live.com','dany','william');


CREATE TABLE ADDRESS(
CITY VARCHAR(20)NOT NULL,
STATE VARCHAR(20)NOT NULL,
ZIP VARCHAR(11) PRIMARY KEY
);

DESC ADDRESS;
DROP TABLE ADDRESS;


INSERT INTO ADDRESS(CITY,STATE,ZIP)VALUES('houston','texas','75001');
INSERT INTO ADDRESS(CITY,STATE,ZIP)VALUES('albany','new work','10008');
INSERT INTO ADDRESS(CITY,STATE,ZIP)VALUES('istanbul','turkey','34000');
INSERT INTO ADDRESS(CITY,STATE,ZIP)VALUES('los angeles','california','90201');
INSERT INTO ADDRESS(CITY,STATE,ZIP)VALUES('miami','florida','32006');


-------3NF--------


CREATE TABLE USERDATA1(
USERID VARCHAR(11)NOT NULL,
U_EMAIL VARCHAR(60)NOT NULL,
CONSTRAINT USERDATA1_PK PRIMARY KEY (USERID)
);

DROP TABLE USERDATA1;
DESC USERDATA1;

INSERT INTO USERDATA1(USERID,U_EMAIL)VALUES('MA12','Alex@ymail.com');
INSERT INTO USERDATA1(USERID,U_EMAIL)VALUES('PO45','emma.john@gmail.com');
INSERT INTO USERDATA1(USERID,U_EMAIL)VALUES('LA33','victoria@yahoo.com');
INSERT INTO USERDATA1(USERID,U_EMAIL)VALUES('CH99','joe.1997@hotmailmail.com');
INSERT INTO USERDATA1(USERID,U_EMAIL)VALUES('DA74','dlany01@live.com');



CREATE TABLE USERDATA2(
USERID VARCHAR(11),
FNAME VARCHAR(20)NOT NULL,
LNAME VARCHAR(60)NOT NULL,
CONSTRAINT FK_USERID
FOREIGN KEY (USERID)
REFERENCES USERDATA1(USERID)
 );
 
 
ALTER TABLE USERDATA2 DROP CONSTRAINT USERID;
DROP TABLE USERDATA2;
DESC USERDATA2;

INSERT INTO USERDATA2(USERID,FNAME,LNAME)VALUES('MA12','Alex','jones');
INSERT INTO USERDATA2(USERID,FNAME,LNAME)VALUES('PO45','emma','stone');
INSERT INTO USERDATA2(USERID,FNAME,LNAME)VALUES('LA33','victoria','aurora');
INSERT INTO USERDATA2(USERID,FNAME,LNAME)VALUES('CH99','joe','johnson');
INSERT INTO USERDATA2(USERID,FNAME,LNAME)VALUES('DA74','dany','william');



CREATE TABLE ADDRESS1(
CITY VARCHAR(20)NOT NULL,
STATE VARCHAR(20)NOT NULL,
ZIP VARCHAR(11) PRIMARY KEY
);

DESC ADDRESS1;
DROP TABLE ADDRESS1;


INSERT INTO ADDRESS1(CITY,STATE,ZIP)VALUES('houston','texas','75001');
INSERT INTO ADDRESS1(CITY,STATE,ZIP)VALUES('albany','new work','10008');
INSERT INTO ADDRESS1(CITY,STATE,ZIP)VALUES('istanbul','turkey','34000');
INSERT INTO ADDRESS1(CITY,STATE,ZIP)VALUES('los angeles','california','90201');
INSERT INTO ADDRESS1(CITY,STATE,ZIP)VALUES('miami','florida','32006');